<?xml version="1.0" encoding="UTF-8"?>

<beans xmlns="http://www.springframework.org/schema/beans"
	xmlns:xsi="http://www.w3.org/2001/XMLSchema-instance" xmlns:aop="http://www.springframework.org/schema/aop"
	xmlns:tx="http://www.springframework.org/schema/tx"
	xsi:schemaLocation="http://www.springframework.org/schema/beans http://www.springframework.org/schema/beans/spring-beans-2.0.xsd
           http://www.springframework.org/schema/aop http://www.springframework.org/schema/aop/spring-aop-2.0.xsd
           http://www.springframework.org/schema/tx http://www.springframework.org/schema/tx/spring-tx-2.0.xsd">

	<bean id="userDao" class="com.lhq.prj.bms.dao.impl.UserDao">
		<property name="sqlMapClient" ref="sqlMapClient" />
	</bean>

	<bean id="rechargeDao" class="com.lhq.prj.bms.dao.impl.RechargeDao">
		<property name="sqlMapClient" ref="sqlMapClient" />
	</bean>

	<bean id="addressDao" class="com.lhq.prj.bms.dao.impl.AddressDao">
		<property name="sqlMapClient" ref="sqlMapClient" />
	</bean>

	<bean id="commodityDao" class="com.lhq.prj.bms.dao.impl.CommodityDao">
		<property name="sqlMapClient" ref="sqlMapClient" />
	</bean>

	<bean id="cartItemDao" class="com.lhq.prj.bms.dao.impl.CartItemDao">
		<property name="sqlMapClient" ref="sqlMapClient" />
	</bean>

	<bean id="orderDao" class="com.lhq.prj.bms.dao.impl.OrderDao">
		<property name="sqlMapClient" ref="sqlMapClient" />
	</bean>

	<bean id="discountDao" class="com.lhq.prj.bms.dao.impl.DiscountDao">
		<property name="sqlMapClient" ref="sqlMapClient" />
	</bean>

	<bean id="freightDao" class="com.lhq.prj.bms.dao.impl.FreightDao">
		<property name="sqlMapClient" ref="sqlMapClient" />
	</bean>

	<bean id="feedbackDao" class="com.lhq.prj.bms.dao.impl.FeedbackDao">
		<property name="sqlMapClient" ref="sqlMapClient" />
	</bean>
</beans>
