<?xml version="1.0" encoding="UTF-8" ?>
<!DOCTYPE struts PUBLIC
    "-//Apache Software Foundation//DTD Struts Configuration 2.0//EN"
    "http://struts.apache.org/dtds/struts-2.0.dtd">

<struts>
	<include file="struts-default.xml" />

	<package name="json" extends="json-default">
		<!-- 商品管理 -->
		<action name="saveCommodity" class="commodityAction" method="saveCommodity">
			<result type="json">
				<param name="includeProperties">success,dutyId</param>
			</result>
		</action>
		<action name="deleteCommodity" class="commodityAction" method="deleteCommodity">
			<result type="json">
				<param name="includeProperties">success</param>
			</result>
		</action>
		<action name="updateCommodity" class="commodityAction" method="updateCommodity">
			<result type="json">
				<param name="includeProperties">success</param>
			</result>
		</action>
		<action name="findCommodityByIds" class="commodityAction" method="findByIds">
			<result type="json">
				<param name="root">pageBean</param>
				<param name="excludeProperties">conditions,limit,start,success,objCondition</param>
			</result>
		</action>
		<action name="findCommodity" class="commodityAction" method="findCommodity">
			<result type="json">
				<param name="root">pageBean</param>
				<param name="excludeProperties">conditions,limit,start,success,objCondition</param>
			</result>
		</action>
		<action name="findCommodityByNovid" class="commodityAction"
			method="findCommodityByNovid">
			<result type="json">
				<param name="root">pageBean</param>
				<param name="excludeProperties">conditions,limit,start,success,objCondition</param>
			</result>
		</action>
		<action name="findAllCommodity" class="commodityAction" method="findAllCommodity">
			<result type="json">
				<param name="root">pageBean</param>
				<param name="excludeProperties">conditions,limit,start,success,objCondition</param>
			</result>
		</action>
		<action name="findExact" class="commodityAction" method="findExact">
			<result type="json">
				<param name="root">pageBean</param>
				<param name="excludeProperties">conditions,limit,start,success,objCondition</param>
			</result>
		</action>
		<action name="upload" class="commodityAction" method="upload">
			<result type="json">
				<param name="includeProperties">success</param>
			</result>
		</action>

		<!-- 用户管理 -->
		<action name="checkPayPwd" class="userAction" method="checkPayPwd">
			<result type="json">
				<param name="includeProperties">success</param>
			</result>
			<result name="error">/index.jsp</result>
		</action>
		<action name="checkBalance" class="userAction" method="checkBalance">
			<result type="json">
				<param name="includeProperties">success</param>
			</result>
			<result name="error">/index.jsp</result>
		</action>
		<action name="saveUser" class="userAction" method="saveUser">
			<result type="json">
				<param name="includeProperties">success,userId</param>
			</result>
		</action>
		<action name="deleteUser" class="userAction" method="deleteUser">
			<result type="json">
				<param name="includeProperties">success</param>
			</result>
		</action>
		<action name="updateUser" class="userAction" method="updateUser">
			<result type="json">
				<param name="includeProperties">success,tip</param>
			</result>
		</action>
		<action name="findAllUser" class="userAction" method="findAllUser">
			<result type="json">
				<param name="root">pageBean</param>
				<param name="excludeProperties">conditions,limit,start,success,objCondition</param>
			</result>
		</action>
		<action name="findUserByExample" class="userAction" method="findByExample">
			<result type="json">
				<param name="root">pageBean</param>
				<param name="excludeProperties">conditions,limit,start,success,objCondition</param>
			</result>
		</action>
		<action name="login" class="userAction" method="login">
			<result>main.jsp</result>
			<result name="input">index.jsp</result>
		</action>
		<action name="logout" class="userAction" method="logout">
			<result type="redirect">index.jsp</result>
		</action>

		<!-- 充值管理 -->
		<action name="saveRecharge" class="rechargeAction" method="saveRecharge">
			<result type="json">
				<param name="includeProperties">success,rechargeId</param>
			</result>
		</action>
		<action name="deleteRecharge" class="rechargeAction" method="deleteRecharge">
			<result type="json">
				<param name="includeProperties">success</param>
			</result>
		</action>
		<action name="updateRecharge" class="rechargeAction" method="updateRecharge">
			<result type="json">
				<param name="includeProperties">success</param>
			</result>
		</action>
		<action name="findAllRecharge" class="rechargeAction" method="findAllRecharge">
			<result type="json">
				<param name="root">pageBean</param>
				<param name="excludeProperties">conditions,limit,start,success,objCondition</param>
			</result>
		</action>
		<action name="findAllRechargeByUser" class="rechargeAction"
			method="findAllRechargeByUser">
			<result type="json">
				<param name="root">pageBean</param>
				<param name="excludeProperties">conditions,limit,start,success,objCondition</param>
			</result>
			<result name="error">/index.jsp</result>
		</action>
		<action name="findRechargeByExample" class="rechargeAction"
			method="findByExample">
			<result type="json">
				<param name="root">pageBean</param>
				<param name="excludeProperties">conditions,limit,start,success,objCondition</param>
			</result>
		</action>

		<!-- 地址管理 -->
		<action name="saveAddress" class="addressAction" method="saveAddress">
			<result type="json">
				<param name="includeProperties">success,addressId</param>
			</result>
		</action>
		<action name="deleteAddress" class="addressAction" method="deleteAddress">
			<result type="json">
				<param name="includeProperties">success</param>
			</result>
		</action>
		<action name="updateAddress" class="addressAction" method="updateAddress">
			<result type="json">
				<param name="includeProperties">success</param>
			</result>
		</action>
		<action name="findAllAddress" class="addressAction" method="findAllAddress">
			<result type="json">
				<param name="root">pageBean</param>
				<param name="excludeProperties">conditions,limit,start,success,objCondition</param>
			</result>
			<result name="error">/index.jsp</result>
		</action>
		<action name="findAddressByExample" class="addressAction"
			method="findByExample">
			<result type="json">
				<param name="root">pageBean</param>
				<param name="excludeProperties">conditions,limit,start,success,objCondition</param>
			</result>
			<result name="error">/index.jsp</result>
		</action>

		<!-- 购物管理 -->
		<action name="findAllCartItem" class="cartItemAction" method="findCartItemByBook">
			<result type="json">
				<param name="root">pageBean</param>
				<param name="excludeProperties">conditions,limit,start,success,objCondition</param>
			</result>
		</action>
		<action name="saveCartItem" class="cartItemAction" method="saveCartItem">
			<result type="json">
				<param name="includeProperties">success,logId</param>
			</result>
		</action>
		<action name="updateCartItem" class="cartItemAction" method="updateCartItem">
			<result type="json">
				<param name="includeProperties">success</param>
			</result>
		</action>
		<action name="findbyCartItem" class="cartItemAction" method="findbyUserId">
			<result type="json">
				<param name="root">pageBean</param>
				<param name="excludeProperties">conditions,limit,start,success,objCondition</param>
			</result>
			<result name="error">/index.jsp</result>
		</action>
		<action name="deleteCartItem" class="cartItemAction" method="deleteCartItem">
			<result type="json">
				<param name="includeProperties">success</param>
			</result>
		</action>

		<!-- 订单管理 -->
		<action name="saveOrder" class="orderAction" method="saveOrder">
			<result type="json">
				<param name="includeProperties">success, orderId</param>
			</result>
			<result name="error">/index.jsp</result>
		</action>
<!-- 		<action name="deleteOrder" class="orderAction" method="deleteOrder">
			<result type="json">
				<param name="includeProperties">success</param>
			</result>
		</action> -->
		<action name="updateOrder" class="orderAction" method="updateOrder">
			<result type="json">
				<param name="includeProperties">success</param>
			</result>
		</action>
		<action name="findAllOrder" class="orderAction" method="findAllOrder">
			<result type="json">
				<param name="root">pageBean</param>
				<param name="excludeProperties">conditions,limit,start,success,objCondition</param>
			</result>
		</action>
		<action name="findAllOrderByUser" class="orderAction" method="findAllOrderByUser">
			<result type="json">
				<param name="root">pageBean</param>
				<param name="excludeProperties">conditions,limit,start,success,objCondition</param>
			</result>
			<result name="error">/index.jsp</result>
		</action>
		<!-- <action name="findOrderByExample" class="orderAction" method="findByExample"> 
			<result type="json"> <param name="root">pageBean</param> <param name="excludeProperties">conditions,limit,start,success,objCondition</param> 
			</result> </action> -->
	</package>
</struts>
