<?xml version="1.0" encoding="UTF-8" ?>
<!DOCTYPE struts PUBLIC
    "-//Apache Software Foundation//DTD Struts Configuration 2.0//EN"
    "http://struts.apache.org/dtds/struts-2.0.dtd">

<struts>
	<include file="struts-default.xml" />

	<package name="my-default" extends="json-default">
		<interceptors>
			<!-- 定义权限控制拦截器 -->
			<interceptor name="loginInteceptor"
				class="com.lhq.prj.bms.interceptor.LoginInterceptor">
				<param name="excludeMethods">login</param>
			</interceptor>
			<!-- 定义一个包含权限控制的拦截器栈 -->
			<interceptor-stack name="mydefault">
				<interceptor-ref name="loginInteceptor" />
				<interceptor-ref name="defaultStack" />
			</interceptor-stack>
		</interceptors>
		<!-- 定义默认拦截器 -->
		<default-interceptor-ref name="mydefault" />
		<!-- 定义全局处理结果 -->
		<global-results>
			<!-- 逻辑名为login的结果，映射到/index.jsp页面 -->
			<result name="login">/index.jsp</result>
			<result name="error">/index.jsp</result>
		</global-results>
	</package>


	<package name="json" extends="my-default">
		<!-- 商品管理 -->
		<action name="saveCommodity" class="commodityAction" method="saveCommodity">
			<!-- <interceptor-ref name="loginInteceptor"></interceptor-ref> -->
			<result type="json">
				<param name="includeProperties">success,dutyId</param>
			</result>
		</action>
		<action name="deleteCommodity" class="commodityAction" method="deleteCommodity">
			<!-- <interceptor-ref name="loginInteceptor"></interceptor-ref> -->
			<result type="json">
				<param name="includeProperties">success</param>
			</result>
		</action>
		<action name="updateCommodity" class="commodityAction" method="updateCommodity">
			<result type="json">
				<param name="includeProperties">success</param>
			</result>
		</action>
		<action name="findCommodityByIds" class="commodityAction"
			method="findByIds">
			<result type="json">
				<param name="root">pageBean</param>
				<param name="excludeProperties">conditions,limit,start,success,objCondition</param>
			</result>
		</action>
		<action name="findCommodity" class="commodityAction" method="findCommodity">
			<result type="json">
				<param name="root">pageBean</param>
				<param name="excludeProperties">conditions,limit,start,success,objCondition</param>
			</result>
		</action>
		<action name="findCommodityByNovid" class="commodityAction"
			method="findCommodityByNovid">
			<result type="json">
				<param name="root">pageBean</param>
				<param name="excludeProperties">conditions,limit,start,success,objCondition</param>
			</result>
		</action>
		<action name="findAllCommodity" class="commodityAction" method="findAllCommodity">
			<result type="json">
				<param name="root">pageBean</param>
				<param name="excludeProperties">conditions,limit,start,success,objCondition</param>
			</result>
		</action>
		<action name="findExact" class="commodityAction" method="findExact">
			<result type="json">
				<param name="root">pageBean</param>
				<param name="excludeProperties">conditions,limit,start,success,objCondition</param>
			</result>
		</action>
		<action name="upload" class="commodityAction" method="upload">
			<result type="json">
				<param name="includeProperties">success</param>
			</result>
		</action>

		<!-- 用户管理 -->
		<action name="checkPayPwd" class="userAction" method="checkPayPwd">
			<result type="json">
				<param name="includeProperties">success</param>
			</result>
			<result name="error">/index.jsp</result>
		</action>
		<action name="checkBalance" class="userAction" method="checkBalance">
			<result type="json">
				<param name="includeProperties">success</param>
			</result>
			<result name="error">/index.jsp</result>
		</action>
		<action name="saveUser" class="userAction" method="saveUser">
			<result type="json">
				<param name="includeProperties">success,userId</param>
			</result>
		</action>
		<action name="deleteUser" class="userAction" method="deleteUser">
			<result type="json">
				<param name="includeProperties">success</param>
			</result>
		</action>
		<action name="updateUser" class="userAction" method="updateUser">
			<result type="json">
				<param name="includeProperties">success,tip</param>
			</result>
		</action>
		<action name="findAllUser" class="userAction" method="findAllUser">
			<result type="json">
				<param name="root">pageBean</param>
				<param name="excludeProperties">conditions,limit,start,success,objCondition</param>
			</result>
		</action>
		<action name="findUserByExample" class="userAction" method="findByExample">
			<result type="json">
				<param name="root">pageBean</param>
				<param name="excludeProperties">conditions,limit,start,success,objCondition</param>
			</result>
		</action>
		<action name="login" class="userAction" method="login">
			<result>main.jsp</result>
			<result name="input">index.jsp</result>
		</action>
		<action name="logout" class="userAction" method="logout">
			<result type="redirect">index.jsp</result>
		</action>

		<!-- 充值管理 -->
		<action name="saveRecharge" class="rechargeAction" method="saveRecharge">
			<result type="json">
				<param name="includeProperties">success,rechargeId</param>
			</result>
		</action>
		<action name="deleteRecharge" class="rechargeAction" method="deleteRecharge">
			<result type="json">
				<param name="includeProperties">success</param>
			</result>
		</action>
		<action name="updateRecharge" class="rechargeAction" method="updateRecharge">
			<result type="json">
				<param name="includeProperties">success</param>
			</result>
		</action>
		<action name="findAllRecharge" class="rechargeAction" method="findAllRecharge">
			<result type="json">
				<param name="root">pageBean</param>
				<param name="excludeProperties">conditions,limit,start,success,objCondition</param>
			</result>
		</action>
		<action name="findAllRechargeByUser" class="rechargeAction"
			method="findAllRechargeByUser">
			<result type="json">
				<param name="root">pageBean</param>
				<param name="excludeProperties">conditions,limit,start,success,objCondition</param>
			</result>
			<result name="error">/index.jsp</result>
		</action>
		<action name="findRechargeByExample" class="rechargeAction"
			method="findByExample">
			<result type="json">
				<param name="root">pageBean</param>
				<param name="excludeProperties">conditions,limit,start,success,objCondition</param>
			</result>
		</action>

		<!-- 地址管理 -->
		<action name="saveAddress" class="addressAction" method="saveAddress">
			<result type="json">
				<param name="includeProperties">success,addressId</param>
			</result>
		</action>
		<action name="deleteAddress" class="addressAction" method="deleteAddress">
			<result type="json">
				<param name="includeProperties">success</param>
			</result>
		</action>
		<action name="updateAddress" class="addressAction" method="updateAddress">
			<result type="json">
				<param name="includeProperties">success</param>
			</result>
		</action>
		<action name="findAllAddress" class="addressAction" method="findAllAddress">
			<result type="json">
				<param name="root">pageBean</param>
				<param name="excludeProperties">conditions,limit,start,success,objCondition</param>
			</result>
			<result name="error">/index.jsp</result>
		</action>
		<action name="findAddressByExample" class="addressAction"
			method="findByExample">
			<result type="json">
				<param name="root">pageBean</param>
				<param name="excludeProperties">conditions,limit,start,success,objCondition</param>
			</result>
			<result name="error">/index.jsp</result>
		</action>

		<!-- 购物管理 -->
		<action name="findAllCartItem" class="cartItemAction" method="findCartItemByBook">
			<result type="json">
				<param name="root">pageBean</param>
				<param name="excludeProperties">conditions,limit,start,success,objCondition</param>
			</result>
		</action>
		<action name="saveCartItem" class="cartItemAction" method="saveCartItem">
			<result type="json">
				<param name="includeProperties">success,logId</param>
			</result>
		</action>
		<action name="updateCartItem" class="cartItemAction" method="updateCartItem">
			<result type="json">
				<param name="includeProperties">success</param>
			</result>
		</action>
		<action name="findbyCartItem" class="cartItemAction" method="findbyUserId">
			<result type="json">
				<param name="root">pageBean</param>
				<param name="excludeProperties">conditions,limit,start,success,objCondition</param>
			</result>
			<result name="error">/index.jsp</result>
		</action>
		<action name="deleteCartItem" class="cartItemAction" method="deleteCartItem">
			<result type="json">
				<param name="includeProperties">success</param>
			</result>
		</action>

		<!-- 订单管理 -->
		<action name="saveOrder" class="orderAction" method="saveOrder">
			<result type="json">
				<param name="includeProperties">success, orderId, tip</param>
			</result>
			<result name="error">/index.jsp</result>
		</action>
		<!-- <action name="deleteOrder" class="orderAction" method="deleteOrder"> 
			<result type="json"> <param name="includeProperties">success</param> </result> 
			</action> -->
		<action name="updateOrder" class="orderAction" method="updateOrder">
			<result type="json">
				<param name="includeProperties">success</param>
			</result>
		</action>
		<action name="findAllOrder" class="orderAction" method="findAllOrder">
			<result type="json">
				<param name="root">pageBean</param>
				<param name="excludeProperties">conditions,limit,start,success,objCondition</param>
			</result>
		</action>
		<action name="findAllOrderByUser" class="orderAction" method="findAllOrderByUser">
			<result type="json">
				<param name="root">pageBean</param>
				<param name="excludeProperties">conditions,limit,start,success,objCondition</param>
			</result>
			<result name="error">/index.jsp</result>
		</action>
		<!-- <action name="orderExport" class="orderAction" method="orderExport"> 
			<result type="json"> <param name="root">pageBean</param> <param name="excludeProperties">conditions,limit,start,success,objCondition</param> 
			</result> <result name="error">/index.jsp</result> </action> -->
		<action name="orderExport" class="orderAction">
			<result name="success" type="stream">
				<!-- 指定输出的为Excel文件 -->
				<param name="contentType">application/vnd.ms-excel</param>
				<!-- 类型是附件和指定下载时文件的默认名字 -->
				<param name="contentDisposition">attachment;filename=${ excelFile }</param>
				<!-- 这里的inputName的属性要和action里相应的get方法的名字对应。例如action的对应的方法名是getDownloadFile 
					所以这里用downloadFile -->
				<param name="inputName">inputStream</param>
				<param name="bufferSize">1024</param>
			</result>
		</action>
		<!-- <action name="findOrderByExample" class="orderAction" method="findByExample"> 
			<result type="json"> <param name="root">pageBean</param> <param name="excludeProperties">conditions,limit,start,success,objCondition</param> 
			</result> </action> -->

		<!-- 折扣管理 -->
		<action name="saveDiscount" class="discountAction" method="saveDiscount">
			<result type="json">
				<param name="includeProperties">success, discountId, tip</param>
			</result>
			<result name="error">/index.jsp</result>
		</action>
		<action name="updateDiscount" class="discountAction" method="updateDiscount">
			<result type="json">
				<param name="includeProperties">success, discountId</param>
			</result>
			<result name="error">/index.jsp</result>
		</action>
		<action name="findAllDiscountByUser" class="discountAction"
			method="findAllDiscountByUser">
			<result type="json">
				<param name="root">pageBean</param>
				<param name="excludeProperties">conditions,limit,start,success,objCondition</param>
			</result>
			<result name="error">/index.jsp</result>
		</action>
		<action name="deleteDiscount" class="discountAction" method="deleteDiscount">
			<result type="json">
				<param name="includeProperties">success, discountId</param>
			</result>
			<result name="error">/index.jsp</result>
		</action>
		<action name="findDiscountByExample" class="discountAction"
			method="findDiscountByExample">
			<result type="json">
				<param name="root">pageBean</param>
				<param name="excludeProperties">conditions,limit,start,success,objCondition</param>
			</result>
			<result name="error">/index.jsp</result>
		</action>

		<!-- 运费管理 -->
		<action name="saveFreight" class="freightAction" method="saveFreight">
			<result type="json">
				<param name="includeProperties">success,userId</param>
			</result>
		</action>
		<action name="deleteFreight" class="freightAction" method="deleteFreight">
			<result type="json">
				<param name="includeProperties">success</param>
			</result>
		</action>
		<action name="updateFreight" class="freightAction" method="updateFreight">
			<result type="json">
				<param name="includeProperties">success</param>
			</result>
		</action>
		<action name="findAllFreight" class="freightAction" method="findAllFreight">
			<result type="json">
				<param name="root">pageBean</param>
				<param name="excludeProperties">conditions,limit,start,success,objCondition</param>
			</result>
		</action>
		<action name="findFreightByExample" class="freightAction"
			method="findByExample">
			<result type="json">
				<param name="root">pageBean</param>
				<param name="excludeProperties">conditions,limit,start,success,objCondition</param>
			</result>
		</action>

		<!-- 上传 -->
		<!--<action name="upload2" class="freightAction" method="upload"> <result 
			type="json"> <param name="includeProperties">success</param> </result> </action> -->
		<action name="upload2" class="freightAction" method="upload">
			<interceptor-ref name="defaultStack"></interceptor-ref>
			<result type="json">
				<param name="includeProperties">success</param>
			</result>
		</action>

		<action name="exportExcel" class="freightAction">
			<result name="success" type="stream">
				<!-- 指定输出的为Excel文件 -->
				<param name="contentType">application/vnd.ms-excel</param>
				<!-- 类型是附件和指定下载时文件的默认名字 -->
				<param name="contentDisposition">attachment;filename="yunfei.xls"</param>
				<!-- 这里的inputName的属性要和action里相应的get方法的名字对应。例如action的对应的方法名是getDownloadFile 
					所以这里用downloadFile -->
				<param name="inputName">downloadFile</param>
			</result>
		</action>

		<!-- 反馈管理 -->	
		<action name="saveFeedback" class="feedbackAction" method="saveFeedback">
			<result type="json">
				<param name="includeProperties">success,userId</param>
			</result>
		</action>
		<action name="deleteFeedback" class="feedbackAction" method="deleteFeedback">
			<result type="json">
				<param name="includeProperties">success</param>
			</result>
		</action>
		<action name="updateFeedback" class="feedbackAction" method="updateFeedback">
			<result type="json">
				<param name="includeProperties">success</param>
			</result>
		</action>
		<action name="findAllFeedback" class="feedbackAction" method="findAllFeedback">
			<result type="json">
				<param name="root">pageBean</param>
				<param name="excludeProperties">conditions,limit,start,success,objCondition</param>
			</result>
		</action>
		<action name="findAllFeedbackByUser" class="feedbackAction" method="findAllFeedbackByUser">
			<result type="json">
				<param name="root">pageBean</param>
				<param name="excludeProperties">conditions,limit,start,success,objCondition</param>
			</result>
		</action>
		<action name="findFeedbackByExample" class="feedbackAction" method="findByExample">
			<result type="json">
				<param name="root">pageBean</param>
				<param name="excludeProperties">conditions,limit,start,success,objCondition</param>
			</result>
		</action>
		<action name="upload3" class="feedbackAction" method="upload">
			<interceptor-ref name="defaultStack"></interceptor-ref> 
			<result type="json">
				<param name="includeProperties">success</param>
			</result>
		</action>
	</package>
</struts>
