<?xml version="1.0" encoding="UTF-8" ?>
<!DOCTYPE struts PUBLIC
    "-//Apache Software Foundation//DTD Struts Configuration 2.0//EN"
    "http://struts.apache.org/dtds/struts-2.0.dtd">

<struts>
	<include file="struts-default.xml" />

	<package name="json" extends="json-default">



		<!-- 科目管理 -->
		<action name="saveSubject" class="subjectAction" method="saveSubject">
			<result type="json">
				<param name="includeProperties">success,dutyId</param>
			</result>
		</action>
		<action name="deleteSubject" class="subjectAction" method="deleteSubject">
			<result type="json">
				<param name="includeProperties">success</param>
			</result>
		</action>
		<action name="updateSubject" class="subjectAction" method="updateSubject">
			<result type="json">
				<param name="includeProperties">success</param>
			</result>
		</action>
		<action name="findAllSubject" class="subjectAction" method="findAllSubject">
			<result type="json">
				<param name="root">page</param>
				<param name="excludeProperties">totalProperty,conditions,limit,start,success,objCondition</param>
			</result>
		</action>


		<!-- 用户管理 -->
		<action name="saveUser" class="userAction" method="saveUser">
			<result type="json">
				<param name="includeProperties">success,userId</param>
			</result>
		</action>
		<action name="deleteUser" class="userAction" method="deleteUser">
			<result type="json">
				<param name="includeProperties">success</param>
			</result>
		</action>
		<action name="updateUser" class="userAction" method="updateUser">
			<result type="json">
				<param name="includeProperties">success</param>
			</result>
		</action>
		<action name="findAllUser" class="userAction" method="findAllUser">
			<result type="json">
				<param name="root">page</param>
				<param name="excludeProperties">conditions,limit,start,success,objCondition</param>
			</result>
		</action>
		<action name="findUserByExample" class="userAction" method="findByExample">
			<result type="json">
				<param name="root">page</param>
				<param name="excludeProperties">conditions,limit,start,success,objCondition</param>
			</result>
		</action>
		<action name="login" class="userAction" method="login">
			<result>main.jsp</result>
			<result name="input">index.jsp</result>
		</action>
		<action name="logout" class="userAction" method="logout">
			<result type="redirect">index.jsp</result>
		</action>

		<!-- 充值管理 -->
		<action name="saveRecharge" class="rechargeAction" method="saveRecharge">
			<result type="json">
				<param name="includeProperties">success,rechargeId</param>
			</result>
		</action>
		<action name="deleteRecharge" class="rechargeAction" method="deleteRecharge">
			<result type="json">
				<param name="includeProperties">success</param>
			</result>
		</action>
		<action name="updateRecharge" class="rechargeAction" method="updateRecharge">
			<result type="json">
				<param name="includeProperties">success</param>
			</result>
		</action>
		<action name="findAllRecharge" class="rechargeAction" method="findAllRecharge">
			<result type="json">
				<param name="root">pageBean</param>
				<param name="excludeProperties">conditions,limit,start,success,objCondition</param>
			</result>
		</action>
		<action name="findAllRechargeByUser" class="rechargeAction" method="findAllRechargeByUser">
			<result type="json">
				<param name="root">pageBean</param>
				<param name="excludeProperties">conditions,limit,start,success,objCondition</param>
			</result>
			<result name="error">/index.jsp</result>
		</action>
		<action name="findRechargeByExample" class="rechargeAction" method="findByExample">
			<result type="json">
				<param name="root">pageBean</param>
				<param name="excludeProperties">conditions,limit,start,success,objCondition</param>
			</result>
		</action>
		
		<!-- 地址管理 -->
		<action name="saveAddress" class="addressAction" method="saveAddress">
			<result type="json">
				<param name="includeProperties">success,addressId</param>
			</result>
		</action>
		<action name="deleteAddress" class="addressAction" method="deleteAddress">
			<result type="json">
				<param name="includeProperties">success</param>
			</result>
		</action>
		<action name="updateAddress" class="addressAction" method="updateAddress">
			<result type="json">
				<param name="includeProperties">success</param>
			</result>
		</action>
		<action name="findAllAddress" class="addressAction" method="findAllAddress">
			<result type="json">
				<param name="root">pageBean</param>
				<param name="excludeProperties">conditions,limit,start,success,objCondition</param>
			</result>
			<result name="error">/index.jsp</result>
		</action>
		<action name="findAddressByExample" class="addressAction" method="findByExample">
			<result type="json">
				<param name="root">pageBean</param>
				<param name="excludeProperties">conditions,limit,start,success,objCondition</param>
			</result>
			<result name="error">/index.jsp</result>
		</action>
	</package>
</struts>
