{"success":true,
"data":[
		{"id":1,"text":"个人中心","leaf":false,"children":
			[
				{"id":"selfInfo", "text":"个人信息","leaf":true},
				{"id":"selfRecharge", "text":"帐户充值","leaf":true},
				{"id":"selfWithdraw","text":"账户提现","leaf":true},
				{"id":"selfAddr","text":"地址管理","leaf":true},
				{"id":"selfPwd","text":"支付密码","leaf":true}
			]
		},
		{"id":2,"text":"商品中心","leaf":false,"children":
			[
				{"id":"prodInfo","text":"商品信息","leaf":true},
				{"id":11,"text":"库存信息","leaf":true}
			]
		},
		{"id":3,"text":"订单中心","leaf":false,"children":
			[
				{"id":12,"text":"新增订单","leaf":true},
				{"id":"myOrders","text":"我的订单","leaf":true}
			]
		}
]}